row,Colp,Dexio,Loxo,Para,Spiro,Tetra
Colp,0.0,0.8582445825579723,2.0924101568051054,-0.1166807493638624,0.044542141730024395,1.359040598951506
Dexio,-0.38533367820181097,0.0,0.10378929455851568,-0.6822504480625022,-1.3098546579354435,0.03893294528453698
Loxo,-0.13732195159412203,-0.48298067692960817,0.0,-0.7369521364448661,-0.513430660194504,0.07317059692798723
Para,-0.009405044758771455,0.6964841897745265,2.304542768558546,0.0,-0.15325718125316434,0.5451037996346643
Spiro,-0.30738069214395086,-2.1916406085033646,1.627187792274152,-0.7171492268798803,0.0,-2.438117314573757
Tetra,-0.13021315108555925,5.4359875088696565,2.7874373403168837,-0.3773340311555753,-1.4071944434905,0.0
